city_id,city_name,country,latitude,longitude,weather_date,temp,humidity,cloudiness,wind_speed
3424607,Tasiilaq,GL,65.61,-37.64,01/25/20,            30.2,63,100,25.28
6324729,Halifax,CA,44.65,-63.57,01/25/20,            29.21,92,90,16.11
3370903,Jamestown,SH,-15.94,-5.72,01/25/20,            75.2,75,100,14.63
1507390,Dikson,RU,73.51,80.55,01/25/20,            -7.82,96,100,7.07
3652764,Puerto Ayora,EC,-0.74,-90.35,01/25/20,            77.9,78,75,8.05
3369157,Cape Town,ZA,-33.93,18.42,01/25/20,            61.32,88,75,11.41
3430863,Mar del Plata,AR,-38,-57.56,01/25/20,            67.28,45,0,13.87
2077963,Albany,AU,-35.02,117.89,01/25/20,            62.6,93,75,4.7
2206939,Bluff,NZ,-46.6,168.33,01/25/20,            70.05,51,46,5.82
2377457,Nouadhibou,MR,20.93,-17.03,01/25/20,            64.4,68,100,19.46
5905393,Bonavista,CA,48.65,-53.11,01/25/20,            19,79,6,8.01
2112309,Katsuura,JP,35.13,140.3,01/25/20,            38.53,93,75,8.05
4011743,Constitucion,MX,23.99,-104.67,01/25/20,            53.6,71,90,6.93
5866583,Kodiak,US,57.79,-152.41,01/25/20,            19.4,62,90,17.22
2126123,Chokurdakh,RU,70.63,147.92,01/25/20,            -26.25,82,85,4.25
4031574,Provideniya,RU,64.38,-173.3,01/25/20,            -4.65,68,0,3.67
2094342,Kavieng,PG,-2.57,150.8,01/25/20,            84.36,71,95,8.97
546105,Nikolskoye,RU,59.7,30.79,01/25/20,            27.63,86,40,4.47
2123814,Leningradskiy,RU,69.38,178.42,01/25/20,            -12.41,95,97,4.21
3466980,Caravelas,BR,-17.71,-39.25,01/25/20,            77.02,83,100,10.02
7601762,Bairiki Village,KI,1.33,172.98,01/25/20,            87.8,74,20,6.93
3984997,San Quintin,MX,30.48,-115.95,01/25/20,            63.77,64,45,5.68
2281120,Tabou,CI,4.42,-7.35,01/25/20,            77.23,96,62,1.39
1006984,East London,ZA,-33.02,27.91,01/25/20,            75.58,80,0,15.05
2012956,Yerbogachen,RU,61.28,108.01,01/25/20,            26.22,89,100,16.73
6165406,Thompson,CA,55.74,-97.86,01/25/20,            15.8,92,90,3.69
5924351,Clyde River,CA,70.47,-68.59,01/25/20,            -23.8,61,5,4.7
2163355,Hobart,AU,-42.88,147.33,01/25/20,            67.08,60,40,8.05
4032243,Vaini,TO,-21.2,-175.2,01/25/20,            80.6,88,90,13.87
3533462,Acapulco de Juarez,MX,16.86,-99.89,01/25/20,            82.4,69,20,6.93
3833367,Ushuaia,AR,-54.8,-68.3,01/25/20,            49.01,66,75,23.04
4035715,Avarua,CK,-21.21,-159.78,01/25/20,            84.2,83,99,12.75
2074865,Carnarvon,AU,-24.87,113.63,01/25/20,            78.8,74,15,17.22
2381334,Atar,MR,20.52,-13.05,01/25/20,            72.72,23,87,9.91
2152667,Portland,AU,-38.33,141.6,01/25/20,            61.5,87,52,17.34
3896218,Castro,CL,-42.47,-73.77,01/25/20,            66.2,68,100,6.93
541349,Krasnyy Yar,RU,46.53,48.35,01/25/20,            41,65,90,26.84
1529651,Altay,CN,47.87,88.12,01/25/20,            12.43,57,74,2.19
2063042,Port Hedland,AU,-20.32,118.57,01/25/20,            91.4,52,0,11.41
473263,Vizinga,RU,61.07,50.1,01/25/20,            6.62,96,100,3.22
5282297,Bethel,US,41.37,-73.41,01/25/20,            43.5,93,90,3.36
3386931,Tamandare,BR,-8.76,-35.1,01/25/20,            81.91,85,74,17.96
3874787,Punta Arenas,CL,-53.15,-70.92,01/25/20,            50,66,75,18.34
4020109,Atuona,PF,-9.8,-139.03,01/25/20,            80.78,78,62,15.21
1586350,Cam Ranh,VN,11.92,109.16,01/25/20,            73.4,94,20,1.12
6167817,Torbay,CA,47.67,-52.73,01/25/20,            18.79,78,5,16.11
621277,Stolin,BY,51.89,26.85,01/25/20,            30.22,94,49,6.71
962330,Richmond,ZA,-29.87,30.27,01/25/20,            69.01,87,5,5.97
3904221,Sipe Sipe,BO,-17.45,-66.38,01/25/20,            73.4,28,10,13.87
2071860,Esperance,AU,-33.87,121.9,01/25/20,            71.6,68,86,8.05
2063036,Port Lincoln,AU,-34.73,135.87,01/25/20,            68.59,67,41,6.06
3141667,Roald,NO,62.58,6.13,01/25/20,            43.7,93,100,24.16
2031964,Darhan,MN,49.49,105.92,01/25/20,            3.18,79,3,5.55
3388615,Sao Joao dos Patos,BR,-6.5,-43.7,01/25/20,            78.04,74,88,2.59
2028164,Deputatsky,RU,69.3,139.9,01/25/20,            -40.23,100,55,0.76
2150163,Sawtell,AU,-30.38,153.1,01/25/20,            82.71,74,7,17.22
4030556,Rikitea,PF,-23.12,-134.97,01/25/20,            79.25,77,18,14.03
5882953,Aklavik,CA,68.22,-135.01,01/25/20,            -13,75,90,16.11
187585,Marsabit,KE,2.33,37.99,01/25/20,            75.96,69,100,14.09
1490256,Talnakh,RU,69.49,88.4,01/25/20,            1.4,84,75,8.95
1492607,Severnoye,RU,56.35,78.36,01/25/20,            3.54,94,100,9.69
5848280,Kapaa,US,22.08,-159.32,01/25/20,            77.16,74,40,10.29
3374346,Ponta do Sol,CV,17.2,-25.09,01/25/20,            69.8,88,98,20.8
5880054,Barrow,US,71.29,-156.79,01/25/20,            -27.4,67,1,8.05
2062276,Roebourne,AU,-20.78,117.13,01/25/20,            91.8,35,8,1.5
2264923,Peniche,PT,39.36,-9.38,01/25/20,            47.75,100,20,4.7
6185377,Yellowknife,CA,62.46,-114.35,01/25/20,            10.4,85,90,8.05
2022572,Khatanga,RU,71.97,102.5,01/25/20,            -24.14,91,57,2.89
3430443,Necochea,AR,-38.55,-58.74,01/25/20,            63.7,55,2,5.01
3361934,Saldanha,ZA,-33.01,17.94,01/25/20,            62.6,82,29,3.36
2013279,Vostok,RU,46.49,135.88,01/25/20,            -5.76,85,0,5.14
3932145,Pisco,PE,-13.7,-76.22,01/25/20,            75.02,83,75,21.92
572154,Borovichi,RU,58.39,33.92,01/25/20,            26.42,80,97,10.85
1264976,Leh,IN,34.17,77.58,01/25/20,            -3.08,94,100,4.68
2188874,Russell,NZ,-35.26,174.12,01/25/20,            79.48,69,100,4
2036237,Langxiang,CN,46.95,128.88,01/25/20,            -1.5,85,0,4.63
2122090,Pevek,RU,69.7,170.31,01/25/20,            -13.14,96,100,1.79
3901501,Villazon,BO,-22.09,-65.59,01/25/20,            57.47,49,12,14.09
1282256,Hithadhoo,MV,-0.6,73.08,01/25/20,            82.65,79,100,14.88
1860256,Kanaya,JP,34.82,138.13,01/25/20,            43.77,100,75,3.36
1015776,Bredasdorp,ZA,-34.53,20.04,01/25/20,            63.43,63,31,12.75
3947322,Arequipa,PE,-16.4,-71.53,01/25/20,            55.4,93,90,8.05
5855927,Hilo,US,19.73,-155.09,01/25/20,            75.2,57,90,6.93
3575487,Cayon,KN,17.35,-62.73,01/25/20,            77,88,75,8.59
2075265,Busselton,AU,-33.65,115.33,01/25/20,            75.96,37,19,8.79
3389012,Sao Benedito do Rio Preto,BR,-3.33,-43.53,01/25/20,            77.4,87,100,4.65
964432,Port Alfred,ZA,-33.59,26.89,01/25/20,            66.99,98,0,7
2173125,Burnie,AU,-41.07,145.92,01/25/20,            65.41,66,98,14
6170031,Tuktoyaktuk,CA,69.45,-133.04,01/25/20,            -13,75,90,24.16
3366880,Hermanus,ZA,-34.42,19.23,01/25/20,            60.64,92,46,8.01
3905088,San Ramon,BO,-13.28,-64.72,01/25/20,            79.63,86,85,3.51
3860443,Comodoro Rivadavia,AR,-45.87,-67.5,01/25/20,            78.8,27,4,29.97
2177069,Ballina,AU,-28.87,153.57,01/25/20,            82.26,74,75,16.11
3675504,Manaure,CO,11.78,-72.44,01/25/20,            80.6,78,43,13.87
2110227,Butaritari,KI,3.07,172.79,01/25/20,            85.03,72,12,10.56
286245,Sur,OM,22.57,59.53,01/25/20,            67.23,82,4,4.74
934322,Mahebourg,MU,-20.41,57.7,01/25/20,            75.76,78,40,12.75
3362349,Robertson,ZA,-33.8,19.89,01/25/20,            66.88,63,56,9.89
935215,Saint-Philippe,RE,-21.36,55.77,01/25/20,            69.53,78,75,8.05
303290,Ortakoy,TR,38.74,34.04,01/25/20,            21.2,85,0,6.93
3372707,Ribeira Grande,PT,38.52,-28.7,01/25/20,            54.72,73,100,5.19
1028434,Quelimane,MZ,-17.88,36.89,01/25/20,            72.64,93,16,4
2729907,Longyearbyen,SJ,78.22,15.64,01/25/20,            -0.4,59,0,5.82
2411397,Georgetown,SH,-7.93,-14.42,01/25/20,            78.39,77,87,15.26
3663529,Manacapuru,BR,-3.3,-60.62,01/25/20,            78.8,94,100,2.98
2015306,Tiksi,RU,71.69,128.87,01/25/20,            -26.52,67,0,5.5
4861719,Indianola,US,41.36,-93.56,01/25/20,            25.48,92,40,4.7
986717,Kruisfontein,ZA,-34,24.73,01/25/20,            66.63,86,27,22.3
3355595,Mariental,NA,-24.63,17.97,01/25/20,            73.4,16,0,1.12
3841956,Parana,AR,-31.73,-60.52,01/25/20,            88.34,39,0,7
3353383,Rundu,NA,-17.93,19.77,01/25/20,            71.6,33,25,3.36
3466165,Cidreira,BR,-30.18,-50.21,01/25/20,            74.77,73,60,18.75
2514651,Los Llanos de Aridane,ES,28.66,-17.92,01/25/20,            60.85,59,75,5.82
2067119,Mandurah,AU,-32.55,115.7,01/25/20,            78.55,53,12,13.87
64814,Bandarbeyla,SO,9.49,50.81,01/25/20,            78.55,82,84,20.42
3115824,Muros,ES,42.78,-9.06,01/25/20,            42.06,100,75,3.36
3395458,Maragogi,BR,-9.01,-35.22,01/25/20,            81.91,85,74,17.96
2070998,Geraldton,AU,-28.77,114.6,01/25/20,            75.2,78,40,13.87
2214846,Misratah,LY,32.38,15.09,01/25/20,            63.99,45,84,9.73
352628,Matay,EG,28.42,30.78,01/25/20,            42.51,59,0,4.94
562070,Gamovo,RU,57.87,56.11,01/25/20,            12.2,92,75,2.24
2508807,Adrar,DZ,25.75,-1,01/25/20,            68.16,28,70,8.5
3723593,Jeremie,HT,18.65,-74.12,01/25/20,            64.8,86,49,0.72
1337620,Funadhoo,MV,6.15,73.27,01/25/20,            82.22,72,100,7.56
1539209,Gubkinskiy,RU,64.43,76.5,01/25/20,            1.49,96,94,9.01
2208248,Kaitangata,NZ,-46.28,169.85,01/25/20,            66.99,68,66,10.56
2276492,Harper,LR,4.38,-7.72,01/25/20,            77.23,96,62,1.39
5955902,Fort Nelson,CA,58.81,-122.7,01/25/20,            10.4,92,75,2.24
611093,Zahesi,GE,41.82,44.75,01/25/20,            28.4,63,0,6.93
863061,Usinsk,RU,65.99,57.53,01/25/20,            -8.73,100,95,0.11
3146487,Raudeberg,NO,61.99,5.14,01/25/20,            44.1,100,100,25.28
3838859,Rio Gallegos,AR,-51.62,-69.22,01/25/20,            55.4,37,40,34.45
3137469,Sorland,NO,67.67,12.69,01/25/20,            35.13,79,100,29.84
3883457,Lebu,CL,-37.62,-73.65,01/25/20,            64.08,69,0,10.94
4021858,Guerrero Negro,MX,27.98,-114.06,01/25/20,            67.24,53,0,10.31
2136825,Isangel,VU,-19.55,169.27,01/25/20,            86,70,75,9.17
1649150,Bengkulu,ID,-3.8,102.27,01/25/20,            74.98,89,88,2.44
2409914,Bonthe,SL,7.53,-12.51,01/25/20,            76.89,90,1,5.91
3013258,Hirson,FR,49.92,4.08,01/25/20,            38.16,86,71,3.36
350203,Rosetta,EG,31.4,30.42,01/25/20,            50,76,40,4.7
2178753,Kirakira,SB,-10.45,161.92,01/25/20,            85.98,66,0,5.01
590067,Mustvee,EE,58.85,26.94,01/25/20,            31.66,81,35,10.29
7671223,Kloulklubed,PW,7.04,134.26,01/25/20,            82.4,83,75,11.41
3839307,Rawson,AR,-43.3,-65.1,01/25/20,            76.14,37,0,14.97
2180815,Tuatapere,NZ,-46.13,167.68,01/25/20,            72.34,47,78,3.47
3381428,Iracoubo,GF,5.48,-53.2,01/25/20,            79.77,84,59,20.58
1605239,Udon Thani,TH,17.42,102.79,01/25/20,            65.44,93,66,5.79
3386213,Touros,BR,-5.2,-35.46,01/25/20,            82.4,83,75,5.82
1505453,Ishim,RU,56.11,69.49,01/25/20,            12.42,91,99,15.64
5563839,Fortuna,US,40.6,-124.16,01/25/20,            57.65,93,90,5.82
3904793,Santa Rosa,BO,-14.17,-66.88,01/25/20,            79.43,77,58,4.38
4036284,Alofi,NU,-19.06,-169.92,01/25/20,            84.2,83,95,8.05
3703745,Ola,PA,8.42,-80.65,01/25/20,            73.54,80,35,12.59
2112802,Hasaki,JP,35.73,140.83,01/25/20,            38.39,100,75,4.7
3404817,Breves,BR,-1.68,-50.48,01/25/20,            76.57,97,100,3.33
2121385,Severo-Kuril'sk,RU,50.68,156.12,01/25/20,            18.72,92,100,43.49
2185148,Oxford,NZ,-43.3,172.18,01/25/20,            75.69,57,47,5.82
780687,Berlevag,NO,70.86,29.09,01/25/20,            22.66,73,100,27.4
545728,Komsomolskiy,RU,43.98,46.7,01/25/20,            34.77,73,36,7.14
1528998,Yumen,CN,40.28,97.2,01/25/20,            13.01,69,0,2.66
1505438,Isil'kul',RU,54.91,71.27,01/25/20,            11.05,92,100,15.59
4033543,Teahupoo,PF,-17.83,-149.27,01/25/20,            87.44,66,20,14.99
3183284,Alghero,IT,40.56,8.32,01/25/20,            44.49,100,62,5.82
5859699,College,US,64.86,-147.8,01/25/20,            -12.3,75,1,3.36
60019,Eyl,SO,7.98,49.82,01/25/20,            79.05,82,89,20.13
2142316,Yeppoon,AU,-23.13,150.73,01/25/20,            87.8,58,75,11.41
5557293,Sitka,US,57.05,-135.33,01/25/20,            40.06,81,90,19.46
3414079,Olafsvik,IS,64.89,-23.71,01/25/20,            33.89,79,99,7.78
3915350,Guayaramerin,BO,-10.84,-65.36,01/25/20,            79.23,78,98,2.57
6149374,Slave Lake,CA,55.28,-114.77,01/25/20,            24.8,85,1,3.36
3392731,Paulo Ramos,BR,-4.22,-45.18,01/25/20,            77.58,89,100,3.76
2068655,Katherine,AU,-14.47,132.27,01/25/20,            86,62,98,6.93
5969025,Haines Junction,CA,60.75,-137.51,01/25/20,            -15.11,99,99,5.93
3423146,Ilulissat,GL,69.22,-51.1,01/25/20,            8.6,46,96,14.99
478050,Ust'-Kulom,RU,61.69,53.69,01/25/20,            2.84,97,100,3.94
154576,Matonga,TZ,-2.38,34.08,01/25/20,            65.21,93,100,5.46
1214488,Meulaboh,ID,4.14,96.13,01/25/20,            81.19,82,73,6.53
2428394,Mao,TD,14.12,15.31,01/25/20,            61.25,17,0,15.39
3418910,Upernavik,GL,72.79,-56.15,01/25/20,            -13.83,95,78,6.85
215976,Ilebo,CD,-4.32,20.58,01/25/20,            73.54,73,82,2.48
3832899,Viedma,AR,-40.81,-63,01/25/20,            66.27,41,24,10.83
5367788,Lompoc,US,34.64,-120.46,01/25/20,            63.54,82,1,12.75
6148373,Sioux Lookout,CA,50.1,-91.92,01/25/20,            24.8,92,90,2.24
2019135,Nizhniy Kuranakh,RU,58.84,125.49,01/25/20,            -8.46,98,97,1.74
3674676,Mitu,CO,1.2,-70.17,01/25/20,            79.86,78,100,3.18
6144312,Sept-Iles,CA,50.2,-66.38,01/25/20,            15.35,72,75,3.36
2025256,Chumikan,RU,54.72,135.31,01/25/20,            -10.28,79,0,16.91
3374336,Porto Novo,CV,17.02,-25.06,01/25/20,            69.8,88,98,20.8
2986626,Plouzane,FR,48.38,-4.62,01/25/20,            45.88,100,90,4.7
98182,Baghdad,IQ,33.34,44.4,01/25/20,            44.6,81,0,9.17
4006163,Fresnillo,MX,23.17,-102.88,01/25/20,            53.22,63,100,17.83
556268,Ostrovnoy,RU,68.05,39.51,01/25/20,            0.63,99,65,8.19
2157698,Mildura,AU,-34.2,142.15,01/25/20,            79.79,44,0,8.05
1486321,Yar-Sale,RU,66.83,70.83,01/25/20,            -4.4,99,86,5.35
1510689,Baykit,RU,61.67,96.37,01/25/20,            13.75,88,100,8.08
1721491,Cabra,PH,13.89,120.05,01/25/20,            78.78,85,67,15.95
1254709,Tezu,IN,27.92,96.17,01/25/20,            47.53,59,23,3.15
605155,Kiruna,SE,67.86,20.23,01/25/20,            6.8,92,100,3.36
3621607,Santa Cruz,CR,10.26,-85.59,01/25/20,            82.4,54,0,10.29
2034691,Songjianghe,CN,42.19,127.48,01/25/20,            8.17,78,0,3.58
2172797,Cairns,AU,-16.92,145.77,01/25/20,            85.19,74,40,9.17
2075720,Broome,AU,-17.97,122.23,01/25/20,            87.8,74,40,12.75
3893629,Coquimbo,CL,-29.95,-71.34,01/25/20,            64.4,88,29,10.29
5847411,Kahului,US,20.89,-156.47,01/25/20,            79.14,51,20,20.8
104515,Mecca,SA,21.43,39.83,01/25/20,            59.88,27,0,11.01
1043893,Lichinga,MZ,-13.31,35.24,01/25/20,            68.05,93,62,3.27
3839479,Rafaela,AR,-31.25,-61.49,01/25/20,            83.53,36,0,1.99
3985710,Cabo San Lucas,MX,22.89,-109.91,01/25/20,            70.03,73,40,4.7
3906765,Quime,BO,-16.98,-67.22,01/25/20,            54.75,95,33,4.12
102527,Sakakah,SA,29.97,40.21,01/25/20,            46.4,65,75,3.36
2618795,Klaksvik,FO,62.23,-6.59,01/25/20,            44.6,93,100,10.29
3985168,San Patricio,MX,19.22,-104.7,01/25/20,            80.6,83,75,11.41
343593,Areka,ET,7.07,37.7,01/25/20,            68.43,71,100,1.95
5919850,Chapais,CA,49.78,-74.85,01/25/20,            23,85,75,8.05
777019,Vardo,NO,70.37,31.11,01/25/20,            23.18,70,100,28.57
6061958,Lumby,CA,50.25,-118.97,01/25/20,            36.25,86,90,4.7
3424934,Saint-Pierre,PM,46.77,-56.17,01/25/20,            23,85,0,9.17
2160517,Launceston,AU,-41.45,147.17,01/25/20,            66.22,88,90,21.92
2126199,Cherskiy,RU,68.75,161.3,01/25/20,            -20.88,95,100,2.28
5861897,Fairbanks,US,64.84,-147.72,01/25/20,            -12.77,75,1,3.36
2657820,Aberfeldy,GB,56.62,-3.86,01/25/20,            43.5,81,75,10.29
1142226,Dawlatabad,AF,36.41,64.91,01/25/20,            36.14,82,89,3.69
5983720,Iqaluit,CA,63.75,-68.51,01/25/20,            -27.22,67,5,13.87
1168700,Ormara,PK,25.21,64.64,01/25/20,            71.71,77,0,15.61
5597034,Jerome,US,42.72,-114.52,01/25/20,            38.84,100,90,4.7
5528182,Pecos,US,31.42,-103.49,01/25/20,            70.05,14,1,8.05
2017155,Saskylakh,RU,71.92,114.08,01/25/20,            -20,92,100,17.58
3419842,Sisimiut,GL,66.94,-53.67,01/25/20,            4.86,95,100,6.69
6096551,Pangnirtung,CA,66.15,-65.71,01/25/20,            -37.07,99,100,1.57
2155415,New Norfolk,AU,-42.78,147.06,01/25/20,            66.85,60,40,8.05
1270466,Halvad,IN,23.02,71.18,01/25/20,            61.27,36,0,4.41
2101169,Aitape,PG,-3.14,142.35,01/25/20,            81.97,83,29,10.25
8079926,Labuhan,ID,-6.88,112.21,01/25/20,            75.97,91,100,3.78
2138555,Poum,NC,-20.23,164.02,01/25/20,            79.9,80,89,19.82
934479,Grand Gaube,MU,-20.01,57.66,01/25/20,            75.4,78,40,12.75
1540356,Raduzhny,RU,62.1,77.47,01/25/20,            -0.22,97,83,5.86
4018227,Ciudad de Armeria,MX,18.93,-103.97,01/25/20,            76.8,69,40,11.41
1497736,Nikitinskiy,RU,54.58,86.01,01/25/20,            18.68,88,100,11.54
5870133,Nome,US,64.5,-165.41,01/25/20,            -16.6,82,1,7.85
2751436,Lopik,NL,51.97,4.95,01/25/20,            34.93,100,90,6.93
3576994,Cockburn Town,TC,21.46,-71.14,01/25/20,            76.05,71,0,9.28
4303951,Perry,US,37.25,-83.2,01/25/20,            35.47,89,90,6.93
5991056,Kenora,CA,49.82,-94.43,01/25/20,            19.76,92,90,6.93
1267433,Kattivakkam,IN,13.22,80.32,01/25/20,            70.86,94,40,5.08
3894426,Coyhaique,CL,-45.58,-72.07,01/25/20,            62.6,51,75,5.82
151711,Ngara,TZ,-2.51,30.66,01/25/20,            64.42,88,100,1.54
2013392,Vilyuysk,RU,63.76,121.62,01/25/20,            -30.48,96,95,10.2
133595,Gerash,IR,27.67,54.14,01/25/20,            39.2,93,20,4.25
2013258,Vrangel,RU,42.73,133.08,01/25/20,            23.9,48,0,13.6
324768,Akdagmadeni,TR,39.66,35.88,01/25/20,            21.52,56,0,5.5
3471451,Arraial do Cabo,BR,-22.97,-42.03,01/25/20,            75.79,83,0,9.4
464790,Zapolyarnyy,RU,69.42,30.81,01/25/20,            21.2,67,50,25.28
2270385,Camacha,PT,33.08,-16.33,01/25/20,            59.77,77,20,9.17
3195128,Milici,BA,44.17,19.09,01/25/20,            35.33,96,40,1.12
1852357,Shimoda,JP,34.67,138.95,01/25/20,            39.07,87,75,18.34
2033225,Zhalantun,CN,48,122.72,01/25/20,            5.16,69,45,3.74
1633419,Padang,ID,-0.95,100.35,01/25/20,            70.02,96,93,1.9
3674740,Miraflores,CO,1.34,-71.95,01/25/20,            80.29,68,65,2.1
2168305,Dubbo,AU,-32.25,148.62,01/25/20,            86,55,40,11.41
2152659,Port Macquarie,AU,-31.43,152.92,01/25/20,            90.12,55,0,5.82
1861416,Ishigaki,JP,24.34,124.16,01/25/20,            73.4,100,75,10.29
2121025,Srednekolymsk,RU,67.45,153.68,01/25/20,            -25.67,96,100,4.18
3666102,Versalles,CO,4.58,-76.2,01/25/20,            74.32,73,40,6.93
3899695,Ancud,CL,-41.87,-73.82,01/25/20,            66.2,68,100,6.93
746565,Gorele,TR,41.03,39,01/25/20,            41,60,31,3.36
962367,Richards Bay,ZA,-28.78,32.04,01/25/20,            76.87,80,2,27.11
336745,Gewane,ET,10.17,40.65,01/25/20,            75.52,59,100,13.38
2855525,Papenburg,DE,53.07,7.4,01/25/20,            34.79,93,90,8.05
3577430,Road Town,VG,18.42,-64.62,01/25/20,            76.21,78,1,4.7
4031637,Lavrentiya,RU,65.58,-171,01/25/20,            -13.2,76,0,2.26
654901,Kajaani,FI,64.17,27.67,01/25/20,            14,100,90,2.24
1735089,Parit Buntar,MY,5.13,100.49,01/25/20,            76.87,83,20,3.36
3403687,Camocim,BR,-2.9,-40.84,01/25/20,            76.8,94,96,4.88
1056899,Sambava,MG,-14.27,50.17,01/25/20,            71.19,96,100,1.97
1684245,Tagusao,PH,9.19,117.81,01/25/20,            78.44,85,62,2.57
4752031,Charlottesville,US,38.03,-78.48,01/25/20,            41.83,100,90,6.17
6323121,Florianopolis,BR,-27.61,-48.5,01/25/20,            72.03,78,7,3.36
5949601,Eston,CA,51.15,-108.75,01/25/20,            32.43,92,90,16.11
1807689,Huaihua,CN,27.55,109.96,01/25/20,            35.02,92,100,3.44
1649593,Baturaja,ID,-4.13,104.17,01/25/20,            73.13,96,84,1.34
290030,Doha,QA,25.29,51.53,01/25/20,            56.32,24,0,12.75
4946620,Palmer,US,42.16,-72.33,01/25/20,            41.32,93,90,9.17
2448245,Abalak,NE,15.45,6.28,01/25/20,            64.63,12,7,12.37
6137462,Saint-Augustin,CA,51.23,-58.65,01/25/20,            15.12,78,36,11.12
5386754,Redlands,US,34.06,-117.18,01/25/20,            64.98,37,1,5.82
3421982,Maniitsoq,GL,65.42,-52.9,01/25/20,            13.51,88,100,8.16
2239862,Malanje,AO,-9.54,16.34,01/25/20,            65.03,98,100,5.06
5172078,Sidney,US,40.28,-84.16,01/25/20,            32.32,97,90,10.29
6171633,Ucluelet,CA,48.93,-125.55,01/25/20,            47.37,93,75,9.17
3421765,Nanortalik,GL,60.14,-45.24,01/25/20,            23.04,75,100,13.27
1855342,Nishihara,JP,26.18,127.76,01/25/20,            71.96,94,75,13.87
3405304,Bom Jesus,BR,-9.07,-44.36,01/25/20,            75.67,77,78,2.19
2460954,Araouane,ML,18.9,-3.53,01/25/20,            75.96,9,100,5.03
3831208,Qaanaaq,GL,77.48,-69.36,01/25/20,            -12.51,44,0,5.12
934649,Cap Malheureux,MU,-19.98,57.61,01/25/20,            75.38,78,40,12.75
6050066,La Ronge,CA,55.1,-105.28,01/25/20,            23,85,90,5.82
6089245,Norman Wells,CA,65.28,-126.83,01/25/20,            -11.2,63,40,13.87
2167426,Emerald,AU,-23.53,148.17,01/25/20,            75.67,100,90,8.05
3573061,Saint George,BM,32.38,-64.68,01/25/20,            64.71,93,75,6.93
3372964,Lagoa,PT,39.05,-27.98,01/25/20,            58.33,67,100,10.18
517947,Novosil,RU,52.97,37.04,01/25/20,            27.91,83,49,14.43
554318,Kalevala,RU,65.2,31.17,01/25/20,            7.41,90,27,4.7
964420,Port Elizabeth,ZA,-33.92,25.57,01/25/20,            68,94,75,19.46
2088122,Port Moresby,PG,-9.44,147.18,01/25/20,            83.41,71,71,4.99
1488903,Turukhansk,RU,65.82,87.98,01/25/20,            0.25,94,93,2.15
5993072,Kitimat,CA,54.05,-128.65,01/25/20,            36.16,93,90,16.11
2641519,Newtownards,GB,54.59,-5.69,01/25/20,            46.71,75,72,12.75
2013727,Vanavara,RU,60.34,102.28,01/25/20,            25.12,94,100,13.58
1337607,Kudahuvadhoo,MV,2.67,72.89,01/25/20,            81.21,79,100,14.05
3573374,The Valley,AI,18.22,-63.06,01/25/20,            77.77,78,40,6.93
5954718,Flin Flon,CA,54.77,-101.86,01/25/20,            17.6,85,90,5.82
1835848,Seoul,KR,37.57,126.98,01/25/20,            29.53,100,1,3.02
4488232,Roanoke Rapids,US,36.46,-77.65,01/25/20,            46.47,70,1,4.7
1244926,Hambantota,LK,6.12,81.12,01/25/20,            78.12,73,62,20.98
489701,Spiridonovka,RU,53.09,50.65,01/25/20,            28.4,100,90,4.47
779330,Kautokeino,NO,69.01,23.04,01/25/20,            -0.9,79,76,6.11
1529569,Changji,CN,44.02,87.32,01/25/20,            1.4,91,70,2.24
3374083,Bathsheba,BB,13.22,-59.52,01/25/20,            77,83,40,5.82
1636308,Manokwari,ID,-0.87,134.08,01/25/20,            79.12,70,100,2.82
2027042,Batagay-Alyta,RU,67.8,130.41,01/25/20,            -34.38,54,0,4.38
2122614,Okha,RU,53.57,142.95,01/25/20,            -12.23,84,0,18.37
6115187,Quesnel,CA,53,-122.5,01/25/20,            33.8,86,1,5.82
3653967,Muisne,EC,0.6,-80.03,01/25/20,            80.6,88,75,6.93
1263752,Mangrol,IN,21.12,70.12,01/25/20,            70.93,53,0,14.9
6111696,Port-Cartier,CA,50.03,-66.87,01/25/20,            15.26,72,75,3.36
3429577,Resistencia,AR,-27.46,-58.98,01/25/20,            80.73,65,0,2.24
2092164,Lorengau,PG,-2.02,147.27,01/25/20,            83.16,73,12,4.23
2315026,Kasongo-Lunda,CD,-6.47,16.82,01/25/20,            68.9,92,65,1.16
2090021,Namatanai,PG,-3.67,152.43,01/25/20,            84.67,73,82,10.92
3374210,Sao Filipe,CV,14.9,-24.5,01/25/20,            74.32,61,33,15.77
3890949,El Monte,CL,-33.68,-71.02,01/25/20,            77.11,24,16,16.11
3984629,Santa Barbara,MX,26.8,-105.82,01/25/20,            56.21,45,97,16.82
1786538,Yining,CN,29.04,114.56,01/25/20,            40.1,97,100,1.25
4465088,Elizabeth City,US,36.29,-76.25,01/25/20,            51.57,81,1,3.36
4985180,Bay City,US,43.59,-83.89,01/25/20,            33.39,98,90,6.93
86049,Jalu,LY,29.03,21.55,01/25/20,            53.08,52,12,8.68
286621,Salalah,OM,17.02,54.09,01/25/20,            77,78,75,4.7
3386467,Terra Santa,BR,-2.1,-56.49,01/25/20,            83.66,64,99,1.79
1623197,Tual,ID,-5.67,132.75,01/25/20,            84.99,65,80,5.55
3614835,Barra Patuca,HN,15.8,-84.28,01/25/20,            77.88,62,67,12.24
877597,Nangomba,TZ,-10.9,38.5,01/25/20,            71.17,98,100,2.68
3899539,Antofagasta,CL,-23.65,-70.4,01/25/20,            71.8,83,75,4.7
241131,Victoria,SC,-4.62,55.45,01/25/20,            78.8,88,20,3.36
1507873,Chik,RU,54.99,82.43,01/25/20,            15.8,78,75,13.42
2439376,Tahoua,NE,14.89,5.27,01/25/20,            71.6,6,4,13.87
2027316,Ayan,RU,56.45,138.17,01/25/20,            -18.4,70,0,12.15
1814093,Dali,CN,25.7,100.18,01/25/20,            27.9,76,0,2.51
2018553,Olga,RU,43.74,135.29,01/25/20,            20.55,47,0,11.7
2190299,Hanmer Springs,NZ,-42.52,172.82,01/25/20,            79.77,32,52,5.59
4092671,Sylacauga,US,33.17,-86.25,01/25/20,            42.26,75,1,3.87
1258692,Ramganj Mandi,IN,24.65,75.93,01/25/20,            56.53,38,5,1.28
5703673,Elko,US,41,-115.5,01/25/20,            43.92,52,90,6.93
2374583,Bubaque,GW,11.28,-15.83,01/25/20,            77.58,75,92,13.38
2033630,Xiongyue,CN,40.18,122.12,01/25/20,            18.86,67,0,7.05
1651591,Amahai,ID,-3.33,128.92,01/25/20,            82.83,75,78,4.94
2294915,Takoradze,GH,4.88,-1.76,01/25/20,            75.9,86,94,1.32
702153,Mala Tokmachka,UA,47.54,35.89,01/25/20,            33.8,86,75,6.71
3412093,Vestmannaeyjar,IS,63.44,-20.27,01/25/20,            39.11,65,70,15.39
1511057,Bakchar,RU,57.02,82.07,01/25/20,            11.82,91,100,9.75
3573197,Hamilton,BM,32.29,-64.78,01/25/20,            64.63,93,75,6.93
5192726,Harrisburg,US,40.27,-76.88,01/25/20,            39.52,75,1,3.36
704204,Lyman,UA,48.99,37.8,01/25/20,            31.8,88,100,13.27
3416888,Grindavik,IS,63.84,-22.43,01/25/20,            33.8,86,90,10.29
3671437,Puerto Leguizamo,CO,-0.19,-74.78,01/25/20,            77.9,84,100,2.04
1863997,Fukuecho,JP,32.69,128.84,01/25/20,            51.8,76,75,20.8
552887,Karagay,RU,58.27,54.94,01/25/20,            16.16,96,100,4.94
1261931,Nandurbar,IN,21.37,74.25,01/25/20,            64.92,35,0,4.14
3671519,Puerto Carreno,CO,6.19,-67.49,01/25/20,            91.4,43,100,8.05
157826,Kidodi,TZ,-7.6,37,01/25/20,            69.21,96,100,2.68
2065594,Mount Isa,AU,-20.73,139.5,01/25/20,            77,94,40,5.82
964406,Port Shepstone,ZA,-30.74,30.45,01/25/20,            68.45,74,11,5.23
1076194,Andilamena,MG,-17.02,48.58,01/25/20,            64.94,92,91,4.03
1736660,Kota Belud,MY,6.35,116.43,01/25/20,            84.45,79,75,2.24
1213855,Sibolga,ID,1.74,98.78,01/25/20,            71.78,95,95,2.84
2274895,Monrovia,LR,6.3,-10.8,01/25/20,            77,100,20,4.56
3648559,Barcelona,VE,10.13,-64.7,01/25/20,            71.15,94,100,3.87
3590069,San Jose,GT,16.98,-89.9,01/25/20,            70.54,93,74,4.07
1496073,Orlik,RU,52.52,99.83,01/25/20,            4.14,62,100,1.95
3372472,Vila Franca do Campo,PT,37.72,-25.43,01/25/20,            57.2,87,40,4.7
2444219,Goure,NE,13.98,10.27,01/25/20,            66,16,0,11.99
510911,Pervomayskiy,RU,53.25,40.29,01/25/20,            27.14,83,17,15.75
371745,Kutum,SD,14.2,24.67,01/25/20,            42.64,35,0,5.66
2027044,Batagay,RU,67.63,134.63,01/25/20,            -42.81,94,1,2.28
2510573,Teguise,ES,29.06,-13.56,01/25/20,            60.8,72,20,4.7
2036734,Huangnihe,CN,43.56,128.02,01/25/20,            4.6,76,0,2.64
3598787,Champerico,GT,14.3,-91.92,01/25/20,            77,94,75,4.7
610298,Beyneu,KZ,45.32,55.2,01/25/20,            35.26,76,100,20.29
551439,Kazanskaya,RU,45.41,40.44,01/25/20,            41,74,91,24.4
1817968,Anshun,CN,26.25,105.93,01/25/20,            29.1,94,21,3.42
1735227,Kuantan,MY,3.81,103.33,01/25/20,            73.26,94,20,7.2
1853174,Sakaiminato,JP,35.55,133.23,01/25/20,            42.8,81,75,2.24
2362323,Bogande,BF,12.97,-0.14,01/25/20,            70.29,9,38,8.93
1106677,Bambous Virieux,MU,-20.34,57.76,01/25/20,            75.69,78,40,12.75
236524,Rafai,CF,4.95,23.92,01/25/20,            68.76,27,30,5.1
3125287,Cervo,ES,43.67,-7.41,01/25/20,            39.45,1,5,4.23
1267390,Kavaratti,IN,10.57,72.64,01/25/20,            80.8,67,88,3
3671337,Puerto Rondon,CO,6.28,-71.1,01/25/20,            81.9,48,33,5.23
2109701,Auki,SB,-8.77,160.7,01/25/20,            83.44,75,2,4.61
3909011,San Rafael,BO,-12.93,-64.87,01/25/20,            78.69,88,93,2.75
1337619,Ugoofaaru,MV,5.67,73,01/25/20,            82.22,68,100,6.58
6141439,Sault Ste. Marie,CA,46.52,-84.33,01/25/20,            34.39,100,90,5.82
113659,Tabas,IR,33.6,56.92,01/25/20,            37.4,57,0,2.24
5183234,Carlisle,US,40.2,-77.19,01/25/20,            39.31,75,1,3.36
2537881,Safi,MA,32.3,-9.24,01/25/20,            51.12,89,73,3.74
5972291,Havre-Saint-Pierre,CA,50.23,-63.6,01/25/20,            10.4,92,90,6.53
3385980,Tucuma,BR,-0.18,-50.05,01/25/20,            78.62,90,72,8.19
5768244,Rapid Valley,US,44.06,-103.15,01/25/20,            38.68,51,20,10.29
3693584,Pimentel,PE,-6.84,-79.93,01/25/20,            66.2,29,50,17.22
3571592,Rock Sound,BS,24.9,-76.2,01/25/20,            73.11,66,16,4.79
2126785,Belaya Gora,RU,68.53,146.42,01/25/20,            -28.03,96,100,3.58
3420768,Qasigiannguit,GL,68.82,-51.19,01/25/20,            8.6,46,96,14.99
2122605,Okhotsk,RU,59.38,143.3,01/25/20,            -19.48,71,71,14.83
3115739,Naron,ES,43.52,-8.15,01/25/20,            41.29,100,20,6.93
2640351,Peterhead,GB,57.51,-1.8,01/25/20,            41.86,81,75,8.05
553929,Kaltasy,RU,55.97,54.8,01/25/20,            15.89,98,94,4.18
784222,Vranjska Banja,RS,42.55,21.99,01/25/20,            37,85,57,1.32
1222396,Kuah,MY,6.33,99.84,01/25/20,            76.33,83,20,5.82
3459869,Joacaba,BR,-27.18,-51.5,01/25/20,            62.42,78,1,2.35
1337618,Manadhoo,MV,5.77,73.38,01/25/20,            82.22,72,100,7.56
1715335,Davila,PH,18.47,120.58,01/25/20,            75.2,100,75,2.24
55671,Kismayo,SO,-0.36,42.55,01/25/20,            80.1,89,98,12.71
1283679,Banepa,NP,27.63,85.52,01/25/20,            42.8,100,75,2.24
3351663,Benguela,AO,-12.58,13.41,01/25/20,            77.65,76,100,3.02
380348,Abu Zabad,SD,12.35,29.25,01/25/20,            56.32,19,0,15.57
3459094,Laguna,BR,-28.48,-48.78,01/25/20,            64.42,92,34,1.7
2399001,Mayumba,GA,-3.43,10.66,01/25/20,            83.28,79,96,7.16
7647007,Bariloche,AR,-41.15,-71.31,01/25/20,            66.2,52,75,25.28
2447513,Arlit,NE,18.74,7.39,01/25/20,            66.99,10,16,8.59
2377450,Nouakchott,MR,18.09,-15.98,01/25/20,            77,44,87,11.41
2037252,Genhe,CN,50.78,121.52,01/25/20,            -14.62,98,28,3.51
3522788,Nautla,MX,20.22,-96.78,01/25/20,            68.58,92,85,1.05
6111862,Port Hardy,CA,50.7,-127.42,01/25/20,            48.2,81,75,16.11
4032420,Neiafu,TO,-18.65,-173.98,01/25/20,            82.4,78,20,5.82
370481,Merowe,SD,18.48,31.82,01/25/20,            52.92,30,0,11.77
5720495,Coos Bay,US,43.37,-124.22,01/25/20,            53.83,100,90,6.93
3446971,Tanhacu,BR,-14.02,-41.25,01/25/20,            71.46,94,100,1.95
3527113,Hidalgotitlan,MX,17.78,-94.63,01/25/20,            77,78,5,6.02
2210554,Sirte,LY,31.21,16.59,01/25/20,            58.8,34,99,12.57
1633070,Palembang,ID,-2.92,104.75,01/25/20,            75.2,94,75,5.82
3388456,Sao Jose da Coroa Grande,BR,-8.9,-35.15,01/25/20,            81.91,85,74,17.96
2027296,Aykhal,RU,66,111.5,01/25/20,            -27.4,67,100,6.71
58933,Garoowe,SO,8.41,48.48,01/25/20,            73.18,76,74,10.98
215771,Isiro,CD,2.77,27.62,01/25/20,            65.79,43,35,2.44
2457161,Gao,ML,16.64,1.64,01/25/20,            71.96,9,54,10.76
523662,Nadvoitsy,RU,63.87,34.32,01/25/20,            5.58,95,74,5.28
4944903,Nantucket,US,41.28,-70.1,01/25/20,            45.66,93,90,21.92
1619650,Ban Dung,TH,17.7,103.26,01/25/20,            66.2,93,77,8.03
3671387,Puerto Narino,CO,-3.77,-70.38,01/25/20,            82.4,94,40,2.21
1276328,Bhadrachalam,IN,17.67,80.88,01/25/20,            64.94,92,57,2.59
3652100,Salinas,EC,-2.22,-80.97,01/25/20,            78.8,78,75,4.7
2206894,Hokitika,NZ,-42.72,170.97,01/25/20,            66.54,84,55,3.33
1519691,Sarkand,KZ,45.41,79.92,01/25/20,            30.38,98,100,2.26
3521972,Panaba,MX,21.28,-88.27,01/25/20,            71.53,79,3,10.13
3837675,San Francisco,AR,-31.43,-62.08,01/25/20,            83.26,59,0,1.72
805775,Borisovka,RU,50.62,35.99,01/25/20,            33.8,86,75,15.66
2610343,Vestmanna,FO,62.16,-7.17,01/25/20,            44.6,93,100,10.29
1152194,Mae Sai,TH,20.43,99.88,01/25/20,            51.44,100,0,3.04
735682,Kleitos,GR,40.43,21.87,01/25/20,            38.66,74,99,5.82
149070,Utete,TZ,-7.99,38.76,01/25/20,            73.29,97,100,1.12
2014833,Tura,RU,64.28,100.25,01/25/20,            -1.28,97,100,6.67
5855051,'Ewa Beach,US,21.32,-158.01,01/25/20,            78.3,54,75,11.41
2173911,Broken Hill,AU,-31.95,141.43,01/25/20,            82.4,26,0,12.75
3897334,Calbuco,CL,-41.77,-73.13,01/25/20,            62.6,93,90,6.93
6355222,Yulara,AU,-25.24,130.99,01/25/20,            89.6,14,0,16.11
1563281,Tuy Hoa,VN,13.08,109.3,01/25/20,            75.56,82,99,3.38
3354071,Oranjemund,NA,-28.55,16.43,01/25/20,            66.22,83,85,9.84
6255012,Flinders,AU,-34.58,150.86,01/25/20,            88.83,49,21,8.05
3991350,Puerto Palomas,MX,31.77,-107.62,01/25/20,            62.6,25,1,13.87
705442,Kulevcha,UA,46.03,29.94,01/25/20,            33.71,51,8,5.66
2111530,Ofunato,JP,39.07,141.72,01/25/20,            24.8,73,75,4.7
5972762,Hay River,CA,60.82,-115.8,01/25/20,            12.2,92,90,2.24
6690297,Saint-Leu,RE,-21.15,55.28,01/25/20,            69.55,78,75,8.05
1272140,Dwarka,IN,22.24,68.97,01/25/20,            71.82,69,0,11.65
3646767,Caraballeda,VE,10.61,-66.85,01/25/20,            76.1,89,88,3.36
3470137,Belmonte,BR,-15.86,-38.88,01/25/20,            80.6,83,75,9.17
1568574,Qui Nhon,VN,13.77,109.23,01/25/20,            70.75,91,100,3.11
1622318,Waingapu,ID,-9.66,120.26,01/25/20,            83.35,76,61,6.35
2960970,Westport,IE,53.8,-9.52,01/25/20,            47.37,92,100,5.99
667303,Sfantu Gheorghe,RO,45.87,25.78,01/25/20,            29.66,87,99,1.01
4334971,New Iberia,US,30,-91.82,01/25/20,            55.65,76,90,6.93
1272983,Dhanaura,IN,28.97,78.25,01/25/20,            49.26,83,0,5.5
2278158,Buchanan,LR,5.88,-10.05,01/25/20,            77,100,20,0.67
110690,Abha,SA,18.22,42.51,01/25/20,            46.4,87,40,2.04
5879400,Anchorage,US,61.22,-149.9,01/25/20,            3,50,1,10.29
1637001,Biak,ID,-0.91,122.88,01/25/20,            81.3,78,27,3.8
2629833,Husavik,IS,66.04,-17.34,01/25/20,            30.2,92,90,8.05
2191562,Dunedin,NZ,-45.87,170.5,01/25/20,            66.51,68,49,19.01
202068,Kibungo,RW,-2.16,30.54,01/25/20,            65.62,63,100,0.72
2111704,Namie,JP,37.48,141,01/25/20,            34.38,53,75,1.12
5051640,Waconia,US,44.85,-93.79,01/25/20,            28.92,68,90,6.93
3905792,San Borja,BO,-14.82,-66.85,01/25/20,            79.25,81,86,1.21
2324857,Pindiga,NG,9.98,10.93,01/25/20,            63.64,23,13,13.62
3443061,Chui,UY,-33.7,-53.46,01/25/20,            67.91,76,24,7.36
101312,Turaif,SA,31.67,38.66,01/25/20,            37.4,93,7,4.7
2236967,Soyo,AO,-6.13,12.37,01/25/20,            79.75,88,100,9.42
2094746,Kandrian,PG,-6.22,149.55,01/25/20,            87.67,64,41,3.02
3581398,Punta Gorda,BZ,16.1,-88.81,01/25/20,            77,78,40,3.11
3398269,Imperatriz,BR,-5.53,-47.49,01/25/20,            82.4,94,20,2.24
57000,Hobyo,SO,5.35,48.53,01/25/20,            77.81,81,99,15.86
3465745,Conceicao do Mato Dentro,BR,-19.04,-43.42,01/25/20,            66.6,96,100,2.62
2120047,Ust'-Omchug,RU,61.15,149.63,01/25/20,            -23.67,97,100,11.25
5895424,Bay Roberts,CA,47.6,-53.26,01/25/20,            18.61,78,5,16.11
3347019,Mossamedes,AO,-15.2,12.15,01/25/20,            74.95,73,7,11.05
2155562,Nelson Bay,AU,-32.72,152.15,01/25/20,            89.49,49,38,8.05
1497497,Nizhniy Ingash,RU,56.2,96.53,01/25/20,            23.72,91,100,4.41
2234359,Bertoua,CM,4.58,13.68,01/25/20,            62.1,25,65,4.41
4550881,Sapulpa,US,36,-96.11,01/25/20,            50.23,57,75,3.36
3464724,Diamantino,BR,-14.41,-56.45,01/25/20,            76.15,82,94,3.58
3445026,Vila Velha,BR,-20.33,-40.29,01/25/20,            71.31,94,75,4.7
712441,Berdychiv,UA,49.9,28.6,01/25/20,            30.38,91,78,8.68
3404558,Cabedelo,BR,-6.98,-34.83,01/25/20,            82.4,83,75,5.82
2129868,Iwanai,JP,42.97,140.51,01/25/20,            16.12,90,100,3.49
4033557,Tautira,PF,-17.73,-149.15,01/25/20,            87.44,66,20,14.99
1152472,Lampang,TH,18.33,99.5,01/25/20,            52.79,93,8,2.71
1279945,Jiuquan,CN,39.74,98.52,01/25/20,            14.04,30,0,6.6
964712,Plettenberg Bay,ZA,-34.05,23.37,01/25/20,            68.27,84,39,10.8
3355672,Luderitz,NA,-26.65,15.16,01/25/20,            68,82,0,10.29
3374462,Mindelo,CV,16.89,-24.98,01/25/20,            69.8,88,98,20.8
2253354,Dakar,SN,14.69,-17.44,01/25/20,            73.4,64,46,19.46
3407407,Aquiraz,BR,-3.9,-38.39,01/25/20,            84.4,74,20,8.05
331259,Mega,ET,4.05,38.3,01/25/20,            68.4,75,100,5.59
3349580,Chissamba,AO,-12.17,17.33,01/25/20,            64.36,97,100,3.33
6319315,Fonte Boa,BR,-2.5,-66.27,01/25/20,            77.68,81,100,0.98
2630299,Hofn,IS,64.25,-15.21,01/25/20,            36.39,92,91,4.54
2701680,Karlstad,SE,59.38,13.5,01/25/20,            42.89,87,100,18.34
4130430,Searcy,US,35.25,-91.74,01/25/20,            44.2,75,40,8.05
1813775,Daokou,CN,35.56,114.51,01/25/20,            35.96,51,100,11.25
3939168,Huarmey,PE,-10.07,-78.15,01/25/20,            78.64,56,99,3.98
1503726,Kharp,RU,66.8,65.81,01/25/20,            -5.48,98,73,2.44
1848976,Wajima,JP,37.4,136.9,01/25/20,            42.8,62,75,10.29
3868626,Valparaiso,CL,-33.04,-71.63,01/25/20,            63.25,88,30,4.7
5975034,High Prairie,CA,55.43,-116.49,01/25/20,            30.34,84,0,5.08
3979494,Estacion Coahuila,MX,32.19,-115,01/25/20,            75.38,23,1,3.56
1178338,Gilgit,PK,35.92,74.31,01/25/20,            11.05,91,96,3.13
2122104,Petropavlovsk-Kamchatsky,RU,53.05,158.65,01/25/20,            21.2,79,40,4.47
3650956,Sucua,EC,-2.47,-78.17,01/25/20,            65.91,97,100,1.68
1513087,Nurota,UZ,40.56,65.69,01/25/20,            30.2,92,75,11.41
3374333,Praia,CV,14.92,-23.51,01/25/20,            77,47,40,16.11
2020744,Listvyanka,RU,51.85,104.87,01/25/20,            1.4,77,36,8.95
2788727,Poperinge,BE,50.85,2.69,01/25/20,            38.32,100,73,6.93
5354943,Half Moon Bay,US,37.46,-122.43,01/25/20,            61.03,87,40,4
2194098,Ahipara,NZ,-35.17,173.17,01/25/20,            68.88,80,59,10.51
779082,Lakselv,NO,70.05,24.97,01/25/20,            20.98,100,90,28.86
1489822,Teguldet,RU,57.31,88.17,01/25/20,            16.75,94,100,8.19
6162949,Terrace,CA,54.52,-128.6,01/25/20,            36.46,93,90,16.11
933815,Dekar,BW,-21.53,21.93,01/25/20,            72.23,67,8,4.29
2036892,Hohhot,CN,40.81,111.65,01/25/20,            6.8,71,0,4.47
1163054,Turbat,PK,26,63.04,01/25/20,            62.01,87,0,1.19
580783,Arti,RU,56.42,58.53,01/25/20,            14.45,96,100,6.73
